### 4. Intenta realizar operaciones similares de importación y exportación con las herramientas proporcionadas con MySQL desde línea de comandos, documentando el proceso.

```sql
sudo mysql -u root -p
Enter password: 
Welcome to the MariaDB monitor.  Commands end with ; or \g.
Your MariaDB connection id is 34
Server version: 10.11.6-MariaDB-0+deb12u1 Debian 12

Copyright (c) 2000, 2018, Oracle, MariaDB Corporation Ab and others.

Type 'help;' or '\h' for help. Type '\c' to clear the current input statement.

MariaDB [(none)]> CREATE DATABASE exportarbbdd;
Query OK, 1 row affected (0,000 sec)

MariaDB [(none)]> CREATE USER 'exportar'@'localhost' IDENTIFIED BY 'exportar';
Query OK, 0 rows affected (0,010 sec)

MariaDB [(none)]> GRANT ALL PRIVILEGES ON exportarbbdd.* TO 'exportar'@'localhost';
Query OK, 0 rows affected (0,009 sec)

MariaDB [(none)]> FLUSH PRIVILEGES;
Query OK, 0 rows affected (0,001 sec)

MariaDB [(none)]> EXIT;
Bye

```

Ahora añadimos las tablas:

```sql
MariaDB [exportarbbdd]> show tables;
+------------------------+
| Tables_in_exportarbbdd |
+------------------------+
| bonus                  |
| dept                   |
| emp                    |
| salgrade               |
+------------------------+
4 rows in set (0,001 sec)

MariaDB [exportarbbdd]> select * from dept;
+--------+------------+----------+
| deptno | dname      | loc      |
+--------+------------+----------+
|     10 | ACCOUNTING | NEW YORK |
|     20 | RESEARCH   | DALLAS   |
|     30 | SALES      | CHICAGO  |
|     40 | OPERATIONS | BOSTON   |
+--------+------------+----------+
4 rows in set (0,001 sec)

MariaDB [exportarbbdd]> select * from emp;
+-------+----------+-----------+------+------------+------+------+--------+
| empno | ename    | job       | mgr  | hiredate   | sal  | comm | deptno |
+-------+----------+-----------+------+------------+------+------+--------+
|  7369 | SMITH    | CLERK     | NULL | 1980-12-17 |  800 | NULL |     20 |
|  7566 | JONES    | MANAGER   | 7839 | 1981-04-02 | 2975 | NULL |     20 |
|  7698 | BLAKE    | MANAGER   | 7839 | 1981-05-01 | 2850 | NULL |     30 |
|  7782 | CLARK    | MANAGER   | 7839 | 1981-06-09 | 2450 | NULL |     10 |
|  7788 | SCOTT    | ANALYST   | 7566 | 1987-04-19 | 3000 | NULL |     20 |
|  7839 | KING     | PRESIDENT | NULL | 1981-11-17 | 5000 | NULL |     10 |
|  7844 | TURNER   | SALESMAN  | 7698 | 1981-09-08 | 1500 |    0 |     30 |
|  7876 | ADAMS    | CLERK     | 7788 | 1987-05-23 | 1100 | NULL |     20 |
|  7900 | JAMES    | CLERK     | 7698 | 1981-12-03 |  950 | NULL |     30 |
|  7902 | FORD     | ANALYST   | 7566 | 1981-12-03 | 3000 | NULL |     20 |
|  7934 | MILLER   | CLERK     | 7782 | 1982-01-23 | 1300 | NULL |     10 |
|  8000 | John Doe | Manager   | NULL | 2024-02-29 | 5000 | NULL |     40 |
+-------+----------+-----------+------+------------+------+------+--------+
12 rows in set (0,001 sec)



```

Despues de crear la bbdd y el usuario, vamos a exportar la bbdd, en este caso no he sido capaz de cumplir las dos condiciones • Excluye la tabla BONUS y los departamentos con menos de dos empleados, a la vez por lo cul he realizado primero una condicion y despues la otra y los he fusionado en un solo fichero.


```sql

2024-02-28 21:06:59 ⌚  debian in ~/MovimientoDatos
± |main ✓| → mysqldump -u exportar -p exportarbbdd --lock-tables=false --ignore-table=exportarbbdd.bonus --ignore-table=exportarbbdd.salgrade --where="deptno NOT IN (SELECT deptno FROM emp GROUP BY deptno HAVING COUNT(*) < 2)" --tables emp > exportarbbdd_emp.sql
Enter password: 

 2024-02-28 21:08:25 ⌚  debian in ~/MovimientoDatos
± |main ?:1 ✗| → mysqldump -u exportar -p exportarbbdd --lock-tables=false --ignore-table=exportarbbdd.bonus --ignore-table=exportarbbdd.emp --tables dept salgrade > exportarbbdd_otrastablas.sql
Enter password: 

2024-02-28 21:08:47 ⌚  debian in ~/MovimientoDatos
± |main ?:3 ✗| → cat prueba.sql exportarbbdd_otrastablas.sql > exportarbbdd.sql


```
Aqui podemos comprobar que se ha exportado cumpliendo los requesitos:

```sql

 2024-02-28 21:08:56 ⌚  debian in ~/MovimientoDatos
± |main ?:3 ✗| → cat exportarbbdd.sql 
-- MariaDB dump 10.19  Distrib 10.11.6-MariaDB, for debian-linux-gnu (x86_64)
--
-- Host: localhost    Database: exportarbbdd
-- ------------------------------------------------------
-- Server version	10.11.6-MariaDB-0+deb12u1

/*!40101 SET @OLD_CHARACTER_SET_CLIENT=@@CHARACTER_SET_CLIENT */;
/*!40101 SET @OLD_CHARACTER_SET_RESULTS=@@CHARACTER_SET_RESULTS */;
/*!40101 SET @OLD_COLLATION_CONNECTION=@@COLLATION_CONNECTION */;
/*!40101 SET NAMES utf8mb4 */;
/*!40103 SET @OLD_TIME_ZONE=@@TIME_ZONE */;
/*!40103 SET TIME_ZONE='+00:00' */;
/*!40014 SET @OLD_UNIQUE_CHECKS=@@UNIQUE_CHECKS, UNIQUE_CHECKS=0 */;
/*!40014 SET @OLD_FOREIGN_KEY_CHECKS=@@FOREIGN_KEY_CHECKS, FOREIGN_KEY_CHECKS=0 */;
/*!40101 SET @OLD_SQL_MODE=@@SQL_MODE, SQL_MODE='NO_AUTO_VALUE_ON_ZERO' */;
/*!40111 SET @OLD_SQL_NOTES=@@SQL_NOTES, SQL_NOTES=0 */;

--
-- Table structure for table `emp`
--

DROP TABLE IF EXISTS `emp`;
/*!40101 SET @saved_cs_client     = @@character_set_client */;
/*!40101 SET character_set_client = utf8 */;
CREATE TABLE `emp` (
  `empno` int(11) NOT NULL,
  `ename` text DEFAULT NULL,
  `job` text DEFAULT NULL,
  `mgr` int(11) DEFAULT NULL,
  `hiredate` date DEFAULT NULL,
  `sal` int(11) DEFAULT NULL,
  `comm` int(11) DEFAULT NULL,
  `deptno` int(11) DEFAULT NULL,
  PRIMARY KEY (`empno`),
  KEY `fk_mgr` (`mgr`),
  KEY `fk_deptno` (`deptno`),
  CONSTRAINT `fk_deptno` FOREIGN KEY (`deptno`) REFERENCES `dept` (`deptno`),
  CONSTRAINT `fk_mgr` FOREIGN KEY (`mgr`) REFERENCES `emp` (`empno`)
) ENGINE=InnoDB DEFAULT CHARSET=utf8mb4 COLLATE=utf8mb4_general_ci;
/*!40101 SET character_set_client = @saved_cs_client */;

--
-- Dumping data for table `emp`
--
-- WHERE:  deptno NOT IN (SELECT deptno FROM emp GROUP BY deptno HAVING COUNT(*) < 2)

LOCK TABLES `emp` WRITE;
/*!40000 ALTER TABLE `emp` DISABLE KEYS */;
INSERT INTO `emp` VALUES
(7369,'SMITH','CLERK',NULL,'1980-12-17',800,NULL,20),
(7566,'JONES','MANAGER',7839,'1981-04-02',2975,NULL,20),
(7698,'BLAKE','MANAGER',7839,'1981-05-01',2850,NULL,30),
(7782,'CLARK','MANAGER',7839,'1981-06-09',2450,NULL,10),
(7788,'SCOTT','ANALYST',7566,'1987-04-19',3000,NULL,20),
(7839,'KING','PRESIDENT',NULL,'1981-11-17',5000,NULL,10),
(7844,'TURNER','SALESMAN',7698,'1981-09-08',1500,0,30),
(7876,'ADAMS','CLERK',7788,'1987-05-23',1100,NULL,20),
(7900,'JAMES','CLERK',7698,'1981-12-03',950,NULL,30),
(7902,'FORD','ANALYST',7566,'1981-12-03',3000,NULL,20),
(7934,'MILLER','CLERK',7782,'1982-01-23',1300,NULL,10);
/*!40000 ALTER TABLE `emp` ENABLE KEYS */;
UNLOCK TABLES;
/*!40103 SET TIME_ZONE=@OLD_TIME_ZONE */;

/*!40101 SET SQL_MODE=@OLD_SQL_MODE */;
/*!40014 SET FOREIGN_KEY_CHECKS=@OLD_FOREIGN_KEY_CHECKS */;
/*!40014 SET UNIQUE_CHECKS=@OLD_UNIQUE_CHECKS */;
/*!40101 SET CHARACTER_SET_CLIENT=@OLD_CHARACTER_SET_CLIENT */;
/*!40101 SET CHARACTER_SET_RESULTS=@OLD_CHARACTER_SET_RESULTS */;
/*!40101 SET COLLATION_CONNECTION=@OLD_COLLATION_CONNECTION */;
/*!40111 SET SQL_NOTES=@OLD_SQL_NOTES */;

-- Dump completed on 2024-02-28 21:08:24
-- MariaDB dump 10.19  Distrib 10.11.6-MariaDB, for debian-linux-gnu (x86_64)
--
-- Host: localhost    Database: exportarbbdd
-- ------------------------------------------------------
-- Server version	10.11.6-MariaDB-0+deb12u1

/*!40101 SET @OLD_CHARACTER_SET_CLIENT=@@CHARACTER_SET_CLIENT */;
/*!40101 SET @OLD_CHARACTER_SET_RESULTS=@@CHARACTER_SET_RESULTS */;
/*!40101 SET @OLD_COLLATION_CONNECTION=@@COLLATION_CONNECTION */;
/*!40101 SET NAMES utf8mb4 */;
/*!40103 SET @OLD_TIME_ZONE=@@TIME_ZONE */;
/*!40103 SET TIME_ZONE='+00:00' */;
/*!40014 SET @OLD_UNIQUE_CHECKS=@@UNIQUE_CHECKS, UNIQUE_CHECKS=0 */;
/*!40014 SET @OLD_FOREIGN_KEY_CHECKS=@@FOREIGN_KEY_CHECKS, FOREIGN_KEY_CHECKS=0 */;
/*!40101 SET @OLD_SQL_MODE=@@SQL_MODE, SQL_MODE='NO_AUTO_VALUE_ON_ZERO' */;
/*!40111 SET @OLD_SQL_NOTES=@@SQL_NOTES, SQL_NOTES=0 */;

--
-- Table structure for table `dept`
--

DROP TABLE IF EXISTS `dept`;
/*!40101 SET @saved_cs_client     = @@character_set_client */;
/*!40101 SET character_set_client = utf8 */;
CREATE TABLE `dept` (
  `deptno` int(11) NOT NULL,
  `dname` text DEFAULT NULL,
  `loc` text DEFAULT NULL,
  PRIMARY KEY (`deptno`)
) ENGINE=InnoDB DEFAULT CHARSET=utf8mb4 COLLATE=utf8mb4_general_ci;
/*!40101 SET character_set_client = @saved_cs_client */;

--
-- Dumping data for table `dept`
--

LOCK TABLES `dept` WRITE;
/*!40000 ALTER TABLE `dept` DISABLE KEYS */;
INSERT INTO `dept` VALUES
(10,'ACCOUNTING','NEW YORK'),
(20,'RESEARCH','DALLAS'),
(30,'SALES','CHICAGO'),
(40,'OPERATIONS','BOSTON');
/*!40000 ALTER TABLE `dept` ENABLE KEYS */;
UNLOCK TABLES;

--
-- Table structure for table `salgrade`
--

DROP TABLE IF EXISTS `salgrade`;
/*!40101 SET @saved_cs_client     = @@character_set_client */;
/*!40101 SET character_set_client = utf8 */;
CREATE TABLE `salgrade` (
  `grade` int(11) NOT NULL,
  `losal` int(11) DEFAULT NULL,
  `hisal` int(11) DEFAULT NULL,
  PRIMARY KEY (`grade`)
) ENGINE=InnoDB DEFAULT CHARSET=utf8mb4 COLLATE=utf8mb4_general_ci;
/*!40101 SET character_set_client = @saved_cs_client */;

--
-- Dumping data for table `salgrade`
--

LOCK TABLES `salgrade` WRITE;
/*!40000 ALTER TABLE `salgrade` DISABLE KEYS */;
INSERT INTO `salgrade` VALUES
(1,700,1200),
(2,1201,1400),
(3,1401,2000),
(4,2001,3000),
(5,3001,9999);
/*!40000 ALTER TABLE `salgrade` ENABLE KEYS */;
UNLOCK TABLES;
/*!40103 SET TIME_ZONE=@OLD_TIME_ZONE */;

/*!40101 SET SQL_MODE=@OLD_SQL_MODE */;
/*!40014 SET FOREIGN_KEY_CHECKS=@OLD_FOREIGN_KEY_CHECKS */;
/*!40014 SET UNIQUE_CHECKS=@OLD_UNIQUE_CHECKS */;
/*!40101 SET CHARACTER_SET_CLIENT=@OLD_CHARACTER_SET_CLIENT */;
/*!40101 SET CHARACTER_SET_RESULTS=@OLD_CHARACTER_SET_RESULTS */;
/*!40101 SET COLLATION_CONNECTION=@OLD_COLLATION_CONNECTION */;
/*!40111 SET SQL_NOTES=@OLD_SQL_NOTES */;

-- Dump completed on 2024-02-28 21:08:39

```

Para estimar el tamaño antes de realizar el dump, se puede utilizar el siguiente comando:

```sql
MariaDB [exportarbbdd]> SELECT TABLE_NAME, DATA_LENGTH FROM information_schema.tables WHERE TABLE_SCHEMA = 'exportarbbdd';
+------------+-------------+
| TABLE_NAME | DATA_LENGTH |
+------------+-------------+
| emp        |       16384 |
| salgrade   |       16384 |
| bonus      |       16384 |
| dept       |       16384 |
+------------+-------------+
4 rows in set (0,001 sec)

```


Para programarlo dentro de 2 minutos volvemos a usar el comando at y simplemente le añadimos tambien la informacion de la contraseña:

```sql

2024-02-28 21:31:26 ⌚  debian in ~/MovimientoDatos
± |main ?:6 ✗| → at now + 2 minutes
warning: commands will be executed using /bin/sh
at Wed Feb 28 21:33:00 2024
at> mysqldump -u exportar -pexportar exportarbbdd --lock-tables=false --ignore-table=exportarbbdd.bonus --ignore-table=exportarbbdd.salgrade --where="deptno NOT IN (SELECT deptno FROM emp GROUP BY deptno HAVING COUNT(*) < 2)" --tables emp > prueba.sql
at> <EOT>
job 3 at Wed Feb 28 21:33:00 2024

 2024-02-28 21:31:47 ⌚  debian in ~/MovimientoDatos
± |main ?:6 ✗| → at now + 2 minutes
warning: commands will be executed using /bin/sh
at Wed Feb 28 21:33:00 2024
at> ^C
 2024-02-28 21:31:58 ⌚  debian in ~/MovimientoDatos
± |main ?:6 ✗| → at now + 2 minutes
warning: commands will be executed using /bin/sh
at Wed Feb 28 21:34:00 2024
at>  mysqldump -u exportar -p exportarbbdd --lock-tables=false --ignore-table=exportarbbdd.bonus --ignore-table=exportarbbdd.emp --tables dept salgrade > exportarbbdd_otrastablas.sql            
at> <EOT>
job 5 at Wed Feb 28 21:34:00 2024

 2024-02-28 21:32:21 ⌚  debian in ~/MovimientoDatos
± |main ?:6 ✗| → at now + 2 minutes
warning: commands will be executed using /bin/sh
at Wed Feb 28 21:35:00 2024
at> cat prueba.sql exportarbbdd_otrastablas.sql > exportarbbdd.sql
at> <EOT>
job 6 at Wed Feb 28 21:35:00 2024

Pd. podiamos hacerlo todo en una unica tardea de at ya que lo va realizando por orden de prioridad, es decir, el comando que pongamos primero se ejecutara primero.

```

• Genera un archivo de log en el directorio raíz.


```sql

 2024-02-28 21:21:21 ⌚  debian in ~/MovimientoDatos
± |main ?:3 ✗| → sudo touch /dump_mysql.log

2024-02-28 21:23:37 ⌚  debian in ~/MovimientoDatos
± |main ?:3 ✗| → sudo mysqldump > sudo /dump_mysql.log 2>&1

```


Importar la bbdd

```sql

 2024-02-28 21:42:02 ⌚  debian in ~/MovimientoDatos
± |main U:1 ?:6 ✗| → sudo mysql -u root -p
[sudo] contraseña para jduran: 
Enter password: 
Welcome to the MariaDB monitor.  Commands end with ; or \g.
Your MariaDB connection id is 63
Server version: 10.11.6-MariaDB-0+deb12u1 Debian 12

Copyright (c) 2000, 2018, Oracle, MariaDB Corporation Ab and others.

Type 'help;' or '\h' for help. Type '\c' to clear the current input statement.

MariaDB [(none)]> CREATE DATABASE importarbbdd;
Query OK, 1 row affected (0,010 sec)

MariaDB [(none)]> CREATE USER 'importar'@'localhost' IDENTIFIED BY 'importar';
Query OK, 0 rows affected (0,013 sec)

MariaDB [(none)]> GRANT ALL PRIVILEGES ON importarbbdd.* TO 'importar'@'localhost';
Query OK, 0 rows affected (0,009 sec)

MariaDB [(none)]> FLUSH PRIVILEGES;
Query OK, 0 rows affected (0,001 sec)

MariaDB [(none)]> EXIT
Bye


```

```sql

 2024-02-29 01:05:02 ⌚  debian in ~/MovimientoDatos
± |main U:1 ?:3 ✗| → mysql -u importar -p importarbbdd < exportarbbdd.sql 
Enter password: 

 2024-02-29 01:06:23 ⌚  debian in ~/MovimientoDatos
± |main U:1 ?:3 ✗| → mysql -u importar -p importarbbdd
Enter password: 
Reading table information for completion of table and column names
You can turn off this feature to get a quicker startup with -A

Welcome to the MariaDB monitor.  Commands end with ; or \g.
Your MariaDB connection id is 67
Server version: 10.11.6-MariaDB-0+deb12u1 Debian 12

Copyright (c) 2000, 2018, Oracle, MariaDB Corporation Ab and others.

Type 'help;' or '\h' for help. Type '\c' to clear the current input statement.

MariaDB [importarbbdd]> show tables;
+------------------------+
| Tables_in_importarbbdd |
+------------------------+
| dept                   |
| emp                    |
| salgrade               |
+------------------------+
3 rows in set (0,000 sec)

MariaDB [importarbbdd]> select * from emp;
+-------+--------+-----------+------+------------+------+------+--------+
| empno | ename  | job       | mgr  | hiredate   | sal  | comm | deptno |
+-------+--------+-----------+------+------------+------+------+--------+
|  7369 | SMITH  | CLERK     | NULL | 1980-12-17 |  800 | NULL |     20 |
|  7566 | JONES  | MANAGER   | 7839 | 1981-04-02 | 2975 | NULL |     20 |
|  7698 | BLAKE  | MANAGER   | 7839 | 1981-05-01 | 2850 | NULL |     30 |
|  7782 | CLARK  | MANAGER   | 7839 | 1981-06-09 | 2450 | NULL |     10 |
|  7788 | SCOTT  | ANALYST   | 7566 | 1987-04-19 | 3000 | NULL |     20 |
|  7839 | KING   | PRESIDENT | NULL | 1981-11-17 | 5000 | NULL |     10 |
|  7844 | TURNER | SALESMAN  | 7698 | 1981-09-08 | 1500 |    0 |     30 |
|  7876 | ADAMS  | CLERK     | 7788 | 1987-05-23 | 1100 | NULL |     20 |
|  7900 | JAMES  | CLERK     | 7698 | 1981-12-03 |  950 | NULL |     30 |
|  7902 | FORD   | ANALYST   | 7566 | 1981-12-03 | 3000 | NULL |     20 |
|  7934 | MILLER | CLERK     | 7782 | 1982-01-23 | 1300 | NULL |     10 |
+-------+--------+-----------+------+------------+------+------+--------+
11 rows in set (0,001 sec)

MariaDB [importarbbdd]> select * from dept;
+--------+------------+----------+
| deptno | dname      | loc      |
+--------+------------+----------+
|     10 | ACCOUNTING | NEW YORK |
|     20 | RESEARCH   | DALLAS   |
|     30 | SALES      | CHICAGO  |
|     40 | OPERATIONS | BOSTON   |
+--------+------------+----------+
4 rows in set (0,001 sec)

MariaDB [importarbbdd]> select * from salgrade;
+-------+-------+-------+
| grade | losal | hisal |
+-------+-------+-------+
|     1 |   700 |  1200 |
|     2 |  1201 |  1400 |
|     3 |  1401 |  2000 |
|     4 |  2001 |  3000 |
|     5 |  3001 |  9999 |
+-------+-------+-------+
5 rows in set (0,001 sec)

```